feature,importance_mean,importance_std
sasCenamorDTGTotalNumberOfVertices,0.0003889975736903866,0.00030234063852063595
sasPreprocessingNumFacts,0.00024282651868858993,0.00027626612424424304
MpSAT-nclausesOrig,0.0002081228210202553,0.00024341230687061736
MpSAT-SP-bias-q10,0.00019278943809752659,0.000111913643911893
MpSAT-SP-bias-coeff-variation,0.00018762602352567737,8.342158451134559e-05
meta-time-torchlight,0.00016939976154768538,0.00018168694583864405
MpSAT-vars-clauses-ratio,0.00016542559680353145,9.608382259937186e-05
meta-time-MpSAT-CG-featuretime,0.00013804013098232812,0.0001002261738998391
sasPreprocessingTaskSize,0.0001364411489365938,0.00016319478296682998
MpSAT-SP-unconstraint-q25,0.00013548650306170558,0.0001091834993115763
MpSAT-saps_FirstLocalMinRatio_Mean,0.00010309065707663348,0.00011020968643287365
meta-time-MpSAT-lobjois-featuretime,0.00010260160490298776,7.69919131881806e-05
sasCenamorCGMeanIncomingEdgeWeightSumPerHighLevelVariable,0.0001019277601504634,0.00013902221196787203
MpSAT-SP-bias-mean,9.924632294248274e-05,0.00012048001399950549
MpSAT-SP-bias-q50,8.802201956902956e-05,6.832642597555009e-05
sasCenamorCGRatioNumHighLevelToTotalVariables,8.63434075398408e-05,0.00014982577589626471
sasCenamorCGRatioSumOfWeightsToTotalEdges,8.440097203709928e-05,3.961623227100924e-05
meta-time-lpg-probing,8.047496069243492e-05,9.421933271456614e-05
MpSAT-saps_BestSolution_Mean,7.576690040743339e-05,6.20288392276854e-05
MpSAT-SP-unconstraint-q10,7.533846491821354e-05,0.00016477187552384233
meta-time-MpSAT-DIAMETER-featuretime,7.366801566659465e-05,7.282973974479276e-05
meta-time-sas,7.006545201660641e-05,0.00010534255419538247
MpSAT-HORNY-VAR-coeff-variation,6.527448257889756e-05,7.663250788642232e-05
meta-time-MpSAT,5.7312668135304017e-05,4.097506224760551e-05
MpSAT-HORNY-VAR-entropy,5.714533892452581e-05,6.378829379739653e-05
MpSAT-POSNEG-RATIO-CLAUSE-mean,5.568732554482941e-05,5.9727915582171134e-05
MpSAT-POSNEG-RATIO-VAR-max,5.4665710417821656e-05,4.6559549321416844e-05
sasCenamorCGMeanIncomingEdgesPerVariable,4.644013730344399e-05,3.2098499206162915e-05
pddlNumGoals,4.597600676352917e-05,0.0001455225020440697
MpSAT-VG-min,3.937276716702753e-05,0.00011491682142433542
MpSAT-BINARY+,3.555294326336303e-05,6.605266364857718e-05
sasFileRatioGoalPairsOverNumVariables,3.536297546987465e-05,5.4623570759508594e-05
meta-time-MpSAT-sp-featuretime,3.5205047331222694e-05,4.161480131016259e-05
MpSAT-SP-bias-q75,3.4433555772918776e-05,0.00010044762216830591
MpSAT-VG-mean,3.426657899897367e-05,0.00016830629186684827
MpSAT-TRINARY+,3.339671160660852e-05,4.177470089335299e-05
MpSAT-gsat_BestAvgImprovement_Mean,3.224612686082775e-05,6.335253571083757e-05
MpSAT-nvars,3.207029362060576e-05,2.2913357827120967e-05
MpSAT-HORNY-VAR-min,2.879051404001823e-05,5.383205273710961e-05
sasPreprocessingPercentageOperatorsDeemedNecessary,2.830070498347293e-05,7.633029007010269e-05
meta-time-MpSAT-cl-featuretime,2.779506634900554e-05,3.839116704603119e-05
MpSAT-VCG-CLAUSE-min,2.7236294572319308e-05,3.412671201136633e-05
MpSAT-POSNEG-RATIO-CLAUSE-entropy,2.473932759052767e-05,5.8105291087652605e-05
sasCenamorCGNumEdges,1.953662636731952e-05,1.302536853932676e-05
meta-time-MpSAT-KLB-featuretime,1.8021424664838057e-05,3.514300139740059e-05
MpSAT-HORNY-VAR-mean,1.7006436739021324e-05,9.178593832925527e-05
MpSAT-SP-unconstraint-q50,1.656581169045515e-05,4.7358336337582706e-05
sasCenamorCGMeanIncomingEdgeWeightSumPerVariable,1.433529634822889e-05,3.31766439159474e-05
MpSAT-SP-unconstraint-coeff-variation,1.2667919934606579e-05,9.791676562090068e-05
sasTranslatorTaskSize,1.2282914365547484e-05,0.0001668212708949939
lpgProbingNumActions,1.222253273670492e-05,3.206219133761517e-05
sasCenamorDTGMeanIncomingEdgesPerVertex,1.1363953911505597e-05,1.4190032311798512e-05
sasCenamorCGStddevIncomingEdgesPerVariable,1.1324224340412695e-05,1.1422707694525853e-05
MpSAT-SP-bias-q25,1.111203164208695e-05,5.603399917131356e-05
sasCenamorCGRatioSumOfWeightsToTotalVariables,1.0567322561942926e-05,1.1428642261030076e-05
sasCenamorDTGStddevIncomingEdgesPerVertex,1.0265329261541108e-05,9.55106149777709e-06
meta-time-MpSAT-ls-saps-featuretime,9.257810728005828e-06,6.354563161291914e-05
MpSAT-VG-max,8.827187104997115e-06,5.387962068881112e-05
lpgProbingNumFacts,6.25071552895276e-06,1.9073499159319898e-05
MpSAT-reducedClauses,4.663401475534793e-06,5.182309211775252e-05
MpSAT-nvarsOrig,4.117008679431273e-06,2.4911359917579277e-05
MpSAT-VCG-VAR-coeff-variation,1.712147435459544e-06,5.916633959730418e-05
fdProbingInitialGValue,8.182803578277199e-07,1.9873499593870835e-06
fdProbingFinalHeuristicDen,7.902088464325635e-07,7.297787320714884e-06
sasCenamorCGStddevOutgoingEdgesPerVariable,7.377828274072948e-07,1.1210287943490511e-05
fdProbingGoalLandmarks,2.9687595012845707e-07,3.609160403550606e-06
MpSAT-SP-bias-min,2.6449067275341814e-07,4.8716859926622876e-05
torchlight-relevantFacts,0.0,0.0
sasTranslatorTotalMutexGroupsSize,0.0,0.0
torchlight-reachabilityFacts,0.0,0.0
sasCenamorDTGMaxOutgoingEdgesPerVertex,0.0,0.0
sasTranslatorOperators,0.0,0.0
sasImpliedEffectsRemoved,0.0,0.0
sasFileMaxVariableDomainSize,0.0,0.0
sasFileMeanVariableDomainSize,0.0,0.0
sasRelevantAtoms,0.0,0.0
lpgProbingNumFactsIndividual,0.0,0.0
lpgProbingNumOps,0.0,0.0
torchlight-reachabilityActions,0.0,0.0
sasTotalQueuePushes,0.0,0.0
sasFinalQueueLength,0.0,0.0
pddlNumEqualityInitialConditions,0.0,0.0
pddlNumInitialConditions,0.0,0.0
pddlNumObjects,0.0,0.0
sasAuxiliaryAtoms,0.0,0.0
sasFileMeanEffectsPerOperator,0.0,0.0
sasFileMeanPrevailConditionsPerOperator,0.0,0.0
sasCenamorDTGMaxIncomingEdgesPerVertex,0.0,0.0
sasCenamorCGMaxIncomingEdgeWeightSumPerVariable,0.0,0.0
sasFileNumOperators,0.0,0.0
lpgProbingNumMutex,0.0,0.0
sasTranslatorFacts,0.0,0.0
torchlight-easyActionTemplates,0.0,0.0
fdProbingLandmarksPercentageDisjunctive,-1.2702752599032947e-07,1.902358771606684e-07
fdProbingLandmarksPercentageConjunctive,-2.8442155965343467e-07,2.772320094415078e-07
MpSAT-horn-clauses-fraction,-3.7435670052676785e-07,3.795533616877932e-05
pddlNumConstantsAndObjects,-5.419780940268161e-07,5.218283203332587e-06
fdProbingRatioGoalLandmarksOverInitialLandmarks,-1.1963127975795525e-06,1.8906144453451103e-07
meta-success-fd-probing,-3.1073055855286787e-06,4.7630879406001846e-05
fdProbingInitialLandmarks,-3.3558786606213385e-06,4.804887125278102e-06
sasCenamorDTGStddevOutgoingEdgesPerVertex,-4.271658485440435e-06,3.01853297587751e-06
fdProbingFinalHeuristicGValue,-4.8463107069887654e-06,7.508771980038855e-06
MpSAT-SP-unconstraint-max,-5.861270218077242e-06,1.3780610427549674e-05
sasCenamorTotalNumVariables,-6.359265546079449e-06,4.833585854804361e-06
sasCenamorCGMeanOutgoingEdgeWeightSumPerVariable,-6.797668171955935e-06,1.7523006011138156e-05
fdProbingFinalHeuristicNum,-6.9789364199953665e-06,3.6458060638838517e-06
sasCenamorDTGMeanOutgoingEdgesPerVertex,-7.5009332093332635e-06,1.3386408834784132e-05
MpSAT-gsat_FirstLocalMinRatio_CoeffVariance,-7.99472040237953e-06,6.919478702584317e-05
MpSAT-nclauses,-8.262460671302056e-06,2.1828397559707392e-05
fdProbingInitialHeuristicNum,-8.265398292454873e-06,3.7839113718656187e-06
MpSAT-POSNEG-RATIO-VAR-mean,-8.604308768302187e-06,0.00014621770086505084
sasCenamorCGMeanOutgoingEdgesPerVariable,-9.480947420839561e-06,3.417639027640678e-05
sasCenamorNumHighLevelVariables,-1.0528045829737535e-05,8.245927249676154e-05
sasCenamorCGStddevOutgoingEdgeWeightSumPerVariable,-1.2810175737954295e-05,7.43432474519037e-06
MpSAT-POSNEG-RATIO-CLAUSE-coeff-variation,-1.4450916273547828e-05,6.860240261446129e-05
fdProbingPercentageImprovementNum,-1.4721331280552578e-05,6.547406896978046e-06
sasPreprocessingPercentageVariablesDeemedNecessary,-1.4811039973327157e-05,7.535176418418817e-06
sasCenamorCGMaxOutgoingEdgesPerVariable,-1.6734762939133818e-05,3.782713691714824e-05
sasCenamorCGStddevIncomingEdgeWeightSumPerVariable,-1.6758774965846772e-05,1.926514704398394e-05
sasCenamorCGRatioTotalVariablesToTotalEdges,-1.6794889693382005e-05,1.2659615025400061e-05
sasCenamorCGMeanIncomingEdgesPerHighLevelVariable,-1.7927442324001353e-05,5.926155371327767e-05
MpSAT-saps_BestAvgImprovement_Mean,-1.8489224075448546e-05,9.736600524018535e-05
MpSAT-lobjois-mean-depth-over-vars,-1.8729588510272795e-05,0.0001020328444426187
sasCenamorCGStddevIncomingEdgesPerHighLevelVariable,-1.889261599424078e-05,5.447276679761311e-05
MpSAT-VCG-VAR-entropy,-1.920039531279429e-05,7.928227776726645e-05
fdProbingNumEdges,-2.162502323082761e-05,5.303716767802161e-06
MpSAT-gsat_FirstLocalMinRatio_Mean,-2.207453059442241e-05,6.610651890590973e-05
MpSAT-SP-unconstraint-q90,-2.2241975888679605e-05,0.00010734072857654156
fdProbingFinalStatesEvaluated,-2.225070832742056e-05,1.1073366690946563e-05
MpSAT-lobjois-log-num-nodes-over-vars,-2.4257137561918625e-05,7.835439236316659e-05
MpSAT-SP-unconstraint-q75,-2.4531765583834815e-05,1.065967767726331e-05
meta-time-MpSAT-Pre-featuretime,-2.60923338782848e-05,3.248862951970879e-05
fdProbingLandmarksDiscovered,-2.8595083533897386e-05,4.378342324273985e-06
fdProbingInitialHeuristicDen,-2.9501335078349562e-05,7.030187282990432e-06
MpSAT-VCG-VAR-mean,-3.127507014766952e-05,3.617787605605848e-05
sasCenamorCGSumOfEdgeWeights,-3.262029611015195e-05,5.6119733165084425e-05
MpSAT-VCG-VAR-max,-3.289067533124806e-05,6.882870039802511e-05
MpSAT-VCG-VAR-min,-3.436963465900109e-05,0.00010188049714386383
MpSAT-VG-coeff-variation,-3.573232478390062e-05,5.8502781585308765e-05
sasFileNumGoalPairs,-4.166857003658242e-05,7.271447523829262e-05
MpSAT-VCG-CLAUSE-entropy,-4.8425461386122834e-05,4.555955649686526e-05
MpSAT-VCG-CLAUSE-mean,-5.0985321458173266e-05,4.272834733030684e-05
sasCenamorDTGTotalNumberOfEdges,-5.298404861593968e-05,5.653544141630206e-05
meta-time-MpSAT-Basic-featuretime,-5.68142080609204e-05,8.938005217335876e-05
MpSAT-gsat_BestAvgImprovement_CoeffVariance,-6.124182578273483e-05,5.695286570305534e-05
MpSAT-reducedVars,-6.429955735635886e-05,5.021614665719081e-05
meta-time-simple-pddl,-6.57586122469431e-05,0.00010739038650792381
MpSAT-SP-unconstraint-mean,-7.220223949650917e-05,8.292932026576339e-05
MpSAT-VCG-CLAUSE-coeff-variation,-7.453886457799295e-05,5.4180956797059604e-05
MpSAT-VCG-CLAUSE-max,-7.953887897709355e-05,8.470329161415256e-05
MpSAT-gsat_BestSolution_CoeffVariance,-9.869963022920872e-05,8.42249017426275e-05
MpSAT-SP-bias-q90,-0.00010064272034312432,0.00016186916525735343
sasCenamorCGMaxOutgoingEdgeWeightSumPerVariable,-0.000125408065776885,0.00010799159571557659
MpSAT-gsat_BestSolution_Mean,-0.0001455197517670985,8.333403230201313e-05
sasCenamorCGMaxIncomingEdgeWeightSumPerHighLevelVariable,-0.0001529931500262976,7.728121548192586e-05
meta-time-MpSAT-ls-gsat-featuretime,-0.00015895421154120482,6.229424042760977e-05
MpSAT-HORNY-VAR-max,-0.00016185712616581605,8.741931303491988e-05
MpSAT-POSNEG-RATIO-VAR-entropy,-0.000175547667279487,8.445595310754068e-05
meta-time-fd-probing,-0.0001796626679931513,0.00010951075258819661
sasCenamorCGStddevIncomingEdgeWeightSumPerHighLevelVariable,-0.00019523468642997836,0.00013334064213880702
MpSAT-POSNEG-RATIO-VAR-stdev,-0.0002296629150350235,0.00011882405664847683
